Name,Acronym,Address,Founded,Motto,WorldRank,CountryRank,Phone,Fax
Lahore College for Women University,LCWU, Jail Road Lahore  54600 Punjab,1922,Discipline Ensures Success,6054,35, +92 (42) 920 1950, +92 (42) 920 3077
Lahore University of Management Sciences,LUMS," Sector U, D.H.A Lahore  54792 Punjab",1985,None,2024,3, +92 (42) 572 2670 9, +92 (42) 572 2591
Lahore School of Economics,LSE," Intersection Main Boulevard, Phase VI, DHA Lahore  53200 Punjab",1993,None,8231,71, +92 (42) 111 656 111, +92 (42) 3656 0905
The University of Lahore,UOL," 1 Km Defense Road, near Bhobtian Chowk, Raiwind Road Lahore  54600 Punjab",1999,None,3778,14, +92 (42) 111 862 865, +92 (42) 3532 1761
Lahore Garrison University,LGU," Sector C, DHA Phase-VI Lahore   Punjab",2010,Nurturing the Future of Pakistan in an Excellent Environment,8946,83, +92 (42) 3718 1821-22,92
Lahore Leads University,LLU," 5-Tipu Block, New Garden Town, Near Kalma Chowk Lahore  54000 Punjab",2011,A bastion of innovation,10263,121, +92 (42) 3584 3204 - 7,92
