Name,Ancronym,Address,Founded,Motto,World Rank,Country Rank,Phone,Fax
A.T. Still University,ATSU, 800 W Jefferson Street Kirksville  63501-1497 Missouri,1892,None,2848,1061, +1 (660) 626 2121, +1 (660) 626 2672
Aalborg Universitet,AAU, Fredrik Bajers Vej 7K Ålborg  9220 North Denmark Region,1974,Learning seriously affects your brain,619,5, +45 9940 9940, +45 9815 1522
Aalto-yliopisto,A?, PL 11000; Otakaari 1B Espoo  00076 Uusimaa,2010,Labor et scientia,260,2, +358 (9) 470 01, +358 (9) 470 25742
Aarhus Universitet,AU, Nordre Ringgade 1 Aarhus  8000 Central Denmark Region,1928,Solidum petit in profundis,223,2, +45 8942 1111, +45 8619 7029
Aba Teachers University,ATU,  Aba  623002 Sichuan,1978,None,12514,875, +86 (28) 6233 2000, +86 
Abasyn University,AU," Ring Road, Charsadda Link Peshawar  25000 Khyber Pakhtunkhwa",2007,Passion to design futures,9657,110, +92 (91) 258 2996, +92 (91) 258 2834
Abbottabad University of Science and Technology,AUST," Captain Akaash Rabbani Shaheed Road, Tehsil Havelian Abbottabad   Khyber Pakhtunkhwa",2015,None,11591,147, +92 (992) 402 117, +92 
Abdul Wali Khan University Mardan,AWKUM, Toro Road Near sheikh Maltoon Town Mardan  23200 Khyber Pakhtunkhwa,2009,Education is Light,8890,82, +92 (937) 923 0640, +92 
Abdullah Gül Üniversitesi,AGU, Barbaros Mahallesi Sümer Kampüsü Kocasinan Kayseri  38080 Kayseri,2010,Pioneer of Third Generation Universities in Turkey,5829,130, +90 (352) 224 8800, +90 (352) 338 8828
Abdulrahman Al-Sumait Memorial University,SUMAIT, PO Box 1933 Zanzibar City   Mjini Magharibi,1998,Ethics and Innovations,12736,27, +255 (24) 224 2101, +255 
Abertay University,AU, Bell Street Dundee  DD1 1HG Scotland,1994,None,1066,92, +44 (1382) 308 000, +44 (1382) 308 877
Aberystwyth University,AU, Penglais Campus Aberystwyth  SY23 3FL Wales,1872,"Nid Byd, Byd Heb Wybodaeth",466,44, +44 (1970) 623 111, +44 (1970) 627 410
Abhilashi University,AU, Chachyot Chailchowk  175 028 Himachal Pradesh,2015,None,12104,854, +91 , +91 
Abia State University,ABSU, Private Mailbox 2000 Uturu   Abia,1981,Excellence and Service,8919,54, +234 (82) 442101, +234 
Abilene Christian University,ACU, 1600 Campus Court Abilene  79699 Texas,1906,None,1197,475, +1 (325) 674 2000, +1 (325) 674 6533
ABM University College,," Plot 38796, Lephala Road Block 6; Private Bag 00331 Gaborone   Gaborone",1989,None,10351,9, +267 395 6887, +267 318 4431
Åbo Akademi,ÅAU, Domkyrkotorget 3 Turku  20500 Southwest Finland,1918,None,1183,7, +358 (2) 215 31, +358 (2) 251 7553
Abourihan Higher Education Institute,, Karte 4 Kabul   Kabul,2014,None,13083,61, +93 (20) 251 1551, +93 
Abra State Institute of Science and Technology,ASIST,  Lagangilang  2802 Cordillera Administrative Region,1983,None,12398,203, +63 (74) 752 8171, +63 
Abraham Baldwin Agricultural College,ABAC, 2802 Moore Highway Tifton  31793-2601 Georgia,1908,None,4497,1479, +1 (229) 391 5001, +1 
Abrar University,AU,  Mogadishu   Banadir,2014,Itus oo itaabsii,10240,18, +252 , +252 
Abu Ali ibn Sino nomidagi Buxoro Davlat Tibbiyot Instituti,BuxDTI, 1 Navoi Street Bukhara  200118 Bukhara,1990,None,10410,45, +998 (365) 223 0050, +998 (365) 223 4021
Abu Dhabi Polytechnic,ADPoly, PO Box 111499 Abu Dhabi   Abu Dhabi,2010,None,11399,49, +971 (2) 695 1062, +971 
Abu Dhabi School of Management,ADSM, Salam St. & 31 St.; PO Box 6844 Abu Dhabi   Abu Dhabi,2013,None,10942,44, +971 (2) 691 7811, +971 (2) 665 1318
Abu Dhabi University,ADU, Khalifa city A Abu Dhabi  59911 Abu Dhabi,2003,Today we create tomorrow's success,4592,10, +971 (2) 501 5555, +971 (2) 501 5990
Abubakar Tafawa Balewa University,ATBU, Private Mailbox 0248 Bauchi  740004 Bauchi,1988,Doctrina matter artium,8624,49, +234 (77) 543500, +234 (77) 543734
Academia de Muzica Gheorghe Dima,AMGD, Strada Ion I.C. Bratianu 25 Cluj-Napoca  400079 Cluj,1919,None,10561,71, +40 (264) 593 879, +40 (264) 593 879
"Academia de Muzica, Teatru si Arte Plastice",AMTAP, str. A. Mateevici 111 Chisinau  2009 Chisinau,1940,None,9265,11, +373 (22) 240 213, +373 (22) 240 213
Academia de Studii Economice din Bucuresti,ASE," Piata Romana 6, Sector 1 Bucharest  010374 Bucharest",1913,None,1772,5, +40 (21) 319 1900, +40 (21) 319 1899
Academia de Studii Economice din Moldova,ASEM," Banulescu-Bodoni, 59 Chisinau  2005 Chisinau",1991,None,4893,2, +373 (22) 229 880, +373 (22) 273 491
Academia Nacional Superior de Orquestra,ANSO," Travessa da Galé, 36 -3º Edifício Standard Elétrica Lisbon  1349-028 Lisboa",1993,None,Un,Un, +351 (21) 361 7320, +351 (21) 362 3833
Academia Rerum Civilium,ARC, Barborská 52 Kutná Hora  284 01 Central Bohemian Region,2003,None,7663,39, +420 321 734 711, +420 
Academic City University College,ACity Ghana," Property # 279-302, Agbogba, Haatso, P.O. Box AD 421 Accra  AD 421 Greater Accra",2009,Academic Excellence,9692,18, +233 554 264 486, +233 
Académie des Beaux-Arts de Tournai,ACTournai, Rue de l'Hôpital Notre-Dame 14 Tournai  7500 Hainaut,1756,None,10062,59, +32 (69) 841 263, +32 (69) 843 253
Académie Franco-Américaine de Management,AFRAM," 917, Rue Alsace Lorraine – Montagne Sainte – Face à la Polyclinique Chambrier; Boîte Postale 3931 Libreville   Estuaire",2013,None,Un,Un, +241 01 72 28 55, +241 
Academie voor Hoger Kunst- en Cultuuronderwijs,AHKCO, Waterfront # 14 Paramaribo   ,1981,None,13037,3, +597 (597) 477749/479517, +597 (597) 410366
Academy of Art University,, 79 New Montgomery San Francisco  94105 California,1929,By Artists. For Artists.,1169,467, +1 (800) 544 2787, +1 (415) 546 9737
Academy of Education of Kyrgyzstan,KAO, 25 Erkindik Boulevard Bishkek  720040 Bishkek,2002,None,12127,34, +996 (312) 62 23 57, +996 (312) 66 51 11
"Academy of Music, Dance and Fine Arts",AMDFA, 2 Todor Samoudomov Str. Plovdiv  4025 Plovdiv,1972,I am a school talent,9654,42, +359 (32) 601 441, +359 (32) 631 668
Academy of Public Administration under the aegis of the President of the Republic of Belarus,APA, 17 Moskovskaya Street Minsk  220007 City of Minsk,1991,Knowledge for efficient governance!,5911,22, +375 (17) 229 5111, +375 (17) 222 8264
Academy of Public Administration under the President of Kazakhstan,APA, 33a Abay Ave. Nur-Sultan  010000 Nur-Sultan,1994,None,8063,43, +7 (7172) 75 33 59, +7 (7172) 75 32 68
Academy of Public Administration under the President of the Kyrgyz Republic,AGUPKR, 237 Panfilov Str. Bishkek  720040 Bishkek,1992,Good education - good career!,9640,13, +996 (312) 62 31 00, +996 (312) 66 36 14
Academy of Public Administration under the President of the Republic of Tajikistan,APA, Said Nosir str. 33 Dushanbe  734025 Dushanbe,2013,None,12555,23, +992 (37) 224-17-86, +992 (37) 224-17-86
Academy of the Ministry of Internal Affairs,AMIA, 6 Masherova Street Minsk  220771 City of Minsk,1958,"Patriot, professional, defender",6751,27, +375 (17) 289 2184, +375 (17) 284 8939
Academy of Tourism,AT, Chui Ave. 99 Bishkek  720022 Bishkek,,None,12990,44, +996 (312) 360 320, +996 (312) 530 550
Acadia University,AU, 15 University Avenue Wolfville  B4P 2R6 Nova Scotia,1838,In pulvere vinces,1174,42, +1 (902) 542 1016, +1 (902) 585 1092
Accra Institute of Technology,AIT, Ga West Accra  AN-19782 Greater Accra,2009,University of The Future,10521,30, +233 (302) 786 022, +233 
Accra Technical University,ATU, PO Box 561; Barnes road Accra   Greater Accra,1949,Truth Excellence Service,10814,32, +233 (30) 268 9279, +233 (21) 664 797
Ach Medical University,AMU," Peace Avenue-11, Songino-Khairkhan district-18; P.O.B 37/503 Ulaanbaatar  18080 Ulaanbaatar",1998,"Medical education Education for the world, research for the future",12676,33, +976 7711 9933, +976 7017 2358
Acharya N.G. Ranga Agricultural University,ANGRAU, Rajendranagar Hyderabad  500 030 Telangana,1964,None,6767,265, +91 (40) 2401 5035, +91 (40) 2401 5031
Birmingham City University,BCU," University House, 15 Bartholomew Row Birmingham  B5 5JU West Midlands",1992,Age Quod Agis,573,51, +44 (121) 331 5000, +44 (121) 331 6314
Birmingham-Southern College,BSC, 900 Arkadelphia Road Birmingham  35254 Alabama,1856,Pro Christo et Republica,3321,1206, +1 (800) 523 5793, +1 (205) 226 3074
Birsa Agricultural University,BAU, Kanke Ranchi  834 006 Jharkhand,1981,None,9327,548, +91 (651) 245 0500, +91 (65) 245 0850
Biruni Üniversitesi,," 10. Yil Caddesi Protokol Yolu No: 45, Topkapi Istanbul  34010 Istanbul",2014,None,6799,144, +90 444 8276, +90 0 212 416 46 46
Birzeit University,BZU, PO Box 14 Birzeit   West Bank,1975,From our past heritage and present creativity we build the future,1488,1, +970 (2) 298 2000, +970 (2) 281 0656
Bishkek Academy of Finance and Economics,BAFE, 55 Molodaya Gvardiya Boulevard Bishkek  720010 Bishkek,1994,None,11664,27, +996 (312) 39 22 78, +996 (312) 65 02 17
Bishkek Humanities University,BHU, 27 Prospect Mira Bishkek  720044 Bishkek,1979,None,9774,14, +996 (312) 21 86 59, +996 (312) 21 88 54
Bishop Grosseteste University,BGU, Longdales Road Lincoln  LN1 3DY East of England,1862,None,4547,158, +44 (1522) 527 347, +44 (1522) 530 243
Bishop Stuart University,BSU, PO Box 9 Mbarara  256 Western Region,2002,Our God Reigns,10591,21, +256 707 200 700, +256 707 200 700
Bishop's University,BU, 2600 College Street Sherbrooke  J1M 1Z7 Quebec,1843,Recti Cultus Pectora Roborant,1949,62, +1 (819) 822 9600, +1 (819) 822 9661
Bismarck State College,BSC, 1500 Edwards Avenue Bismarck  58506-5587 North Dakota,1939,None,4069,1401, +1 (701) 224 5400, +1 
Bitlis Eren Üniversitesi,BEÜ, Bes Minare Mah. Rahva Yerleskesi Bitlis  13000 Bitlis,2007,None,7303,153, +90 (434) 228 5170, +90 (434) 228 5171
Biwako Seikei Sport College,,  Otsu   Shiga,2003,None,6507,483, +81 , +81 
Biznesa augstskola Turiba,, 68 Graudu Street Riga  1058 Riga,1993,"Non scholae, sed vitae discimus",4928,6, +371 (7) 625371, +371 (7) 619152
Black Hills State University,BHSU, 1200 University Street Spearfish  57799-9500 South Dakota,1883,Transforming Lives,2826,1054, +1 (800) 255 2478, +1 (605) 642 6214
Black Sea National University,, 68 10 Marines Street Mykolaiv  54003 Mykolaiv Oblast,1996,None,7592,118, +380 (512) 244 189, +380 
Blackburn College,, 700 College Avenue Carlinville  62626 Illinois,1837,None,5035,1547, +1 (217) 854 3231, +1 (217) 854 3713
Blagoveshchensk State Pedagogical University,BSPU," Lenin, 104 Blagoveshchensk  675000 Amur Oblast",1930,Traditions and Inovations,6317,281, +7 (4162) 37 57 81, +7 (4162) 37 57 81
Blantyre International University,BIU," Tikumbe Building, off Naperi Road Blantyre   Southern Region",2008,"Excellence, Integrity, Diversity and Innovation",12856,14, +265 111 623 541, +265 
BLDE University,, Smt. Bagaramma Sajjan Campus Bijapur  586 103 Karnataka,2008,None,9665,601, +91 (8352) 262770, +91 
Blekinge Tekniska Högskola,BTH, Campus Gräsvik (Valhallavägen 1) Karlskrona  371 79 Blekinge County,1989,None,2210,19, +46 (455) 385 000, +46 (455) 385 057
Blessing University of Excellence,BLUE," Plot number 26523, corner of Vubu and Lumumba Road; PO Box 37486 Lusaka   Lusaka",2018,None,12849,29, +260 (211) 244 901, +260 
Blessing-Rieman College of Nursing and Health Sciences,BRCN, Broadway at 11Th Street Quincy  62305-7005 Illinois,1985,None,6338,1664, +1 (217) 228 5520, +1 (217) 223 4661
Bloomfield College,, 467 Franklin Street Bloomfield  07003 New Jersey,1868,Lux In Tenebris,3589,1275, +1 (973) 748 9000, +1 (973) 748 0916
Bloomsburg University of Pennsylvania,BU, 400 E Second Street Bloomsburg  17815 Pennsylvania,1839,None,1514,581, +1 (570) 389 4000, +1 (570) 389 3700
Blue Mountain College,BMC, 201 W Main Street Blue Mountain  38610-9509 Mississippi,1873,Building Champions for Life,5237,1576, +1 (662) 685 4771, +1 (662) 685 4776
BlueCrest College,BCC," Cola Street, Near ATTC, Adjacent Societe Generale Head Office, Kokomlemle, PO Box AN18392 Accra   Greater Accra",2000,Education For Life,11109,37, +233 (302) 250 649, +233 
Bluefield College,, 3000 College Avenue Bluefield  24605 Virginia,1922,"Deus, Patria, Lux",3762,1327, +1 (276) 326 3682, +1 (276) 326 4288
Bluefield State College,, 219 Rock Street Bluefield  24701-2198 West Virginia,1895,Making Education Possible,4646,1506, +1 (304) 327 4000, +1 (304) 325 7747
Bluefields Indian and Caribbean University,BICU, Barrio San Pedro Avenida Universitaria Bluefields   South Caribbean Coast Autonomous Region,1991,None,9964,16, +505 2572 1156, +505 2572 1277
Bluffton University,, 1 University Drive Bluffton  45817-2104 Ohio,1899,The Truth Makes Free,1523,584, +1 (419) 358 3000, +1 (419) 358 3081
BML Munjal University,BMU," 67 Milestone, National Highway 8 Gurgaon  122 413 Haryana",2014,From Here To The World,6250,218, +91 , +91 
Bob Jones University,BJU, 1700 Wade Hampton Boulevard Greenville  29614-0001 South Carolina,1927,Petimus Credimus,1885,724, +1 (864) 242 5100, +1 
Bodoland University,," Debargoan, PO Rangalikhata Kokrajhar  783 370 Assam",2009,None,8737,466, +91 (3661) 277 149, +91 (3661) 277 149
Bogaziçi Üniversitesi,BÜ," Bogaziçi Üniversitesi, Bebek Istanbul  34342 Istanbul",1971,None,596,4, +90 (212) 359 5400, +90 (212) 265 6357
Bohai University,," 27 Jiefang Road, Section 5, Linghe District Jinzhou  121000 Liaoning",1958,None,9633,615, +86 (416) 282 8074, +86 (416) 282 2546
Bohol Island State University,BISU, Zamora Bilar  6317 Central Visayas,2009,None,11565,158, +63 (38) 535 9022, +63 (38) 501 7111
Boise Bible College,BBC, 8695 W Marigold Street Boise  83714-1220 Idaho,1945,None,6308,1662, +1 (208) 376 7731, +1 (208) 376 7743
Boise State University,BSU, 1910 University Drive Boise  83725 Idaho,1932,Splendor Sine Occasu,580,236, +1 (208) 426 1000, +1 (208) 426 3765
Boitekanelo College,BC," Plot 5824 Masetlheng Tlokweng; PO Box 203156, Old Naledi Kiosk Gaborone   Gaborone",2007,None,10680,10, +267 3911 009, +267 3911 014
Bolan University of Medical and Health Sciences,BUMHS, Brewery Road Quetta   Balochistan,2017,None,13059,176, +92 81 921 3070, +92 
Bolgatanga Technical University,BTU, PO Box 767 Bolgatanga   Upper East Region,2003,None,11852,45, +233 (72) 24279, +233 (72) 23103
Bolu Abant Izzet Baysal Üniversitesi,AIBU, Gölköy Yerleskesi Bolu  14030 Bolu,1992,None,3062,51, +90 (374) 254 1000, +90 (374) 253 4506
Bond University,Bond," 14 University Drive, Robina Gold Coast  4229 Queensland",1987,Bringing Ambition To Life,1161,35, +61 (0)7 5595 1024, +61 (0)7 5595 1140
Bordeaux INP,, Avenue des facultés Talence  33405 Nouvelle-Aquitaine,1920,None,2916,103, +33 (0)5 56 84 61 00, +33 (0)5 56 37 20 23
Boricua College,, 3755 Broadway New York City  10032-1560 New York,1974,A Tradition of Learning,6002,1645, +1 (212) 694 1000, +1 (212) 694 1015
Borno State University,BSU,  Maiduguri   Borno,2016,None,12727,155, +234 , +234 
Borys Grinchenko Kyiv University,BGKU, 18/2 Bulvarno-Kudriavska Str Kyiv  04053 Kiev Oblast,1919,We strive for excellence!,2517,6, +380 (44) 272 1902, +380 (44) 272 1902
Bost University,BU, Ningarhar Road Lashkargah   Helmand,2012,A step toward a brighter future,12854,44, +93 (34) 200 0008, +93 
Boston Architectural College,BAC, 320 Newbury Street Boston  02115-2703 Massachusetts,1889,None,2746,1030, +1 (617) 585 0100, +1 (617) 585 0111
Boston College,BC, 140 Commonwealth Avenue Chestnut Hill  02467-3809 Massachusetts,1863,Ever to Excel,169,99, +1 (617) 552 8000, +1 (617) 552 8828
Boston Graduate School of Psychoanalysis,BGSP, 1581 Beacon Street Brookline  02446-4602 Massachusetts,1973,None,4978,1541, +1 (617) 277 3915, +1 (617) 277 0312
Boston University,BU, One Silber Way Boston  02215 Massachusetts,1869,"Learning, Virtue, Piety",36,32, +1 (617) 353 2000, +1 (617) 353 2053
Botho University,BU," Botho Education Park, Kgale Gaborone   Gaborone",1997,"Excellence, Leadership, Innovation",4851,2, +267 363 5421, +267 391 318 7858
Botswana Accountancy College,BAC, Plot 50661 Fairgrounds International Office Park Gaborone Gaborone   Gaborone,1996,Dare to Explore,7327,3, +267 395 3062, +267 390 4103
Botswana International University of Science and Technology,BIUST, Private Bag 16 Palapye   Central District,2005,Pulsis Mutatio,8112,4, +267 490 0117, +267 490 0102
Botswana University of Agriculture and Natural Resources,BUAN, Private Bag 0027 Gaborone   Gaborone,1991,Work and Prosper,8786,5, +267 365 0100, +267 3928 753
Bournemouth University,BU, Talbot Campus; Fern Barrow Poole  BH12 5BB South West England,1992,None,782,78, +44 (1202) 524 111, +44 (1202) 702 736
Bowdoin College,BC, 255 Maine Street Brunswick  04011-8448 Maine,1794,Ut Aquila Versus Coelum,742,286, +1 (207) 725 3000, +1 
Bowen University,BUI,  Iwo  23401 Osun,2001,None,8551,48, +234 (2) 241 0944, +234 
Bowie State University,BSU, 14000 Jericho Park Road Bowie  20715-9465 Maryland,1865,Prepare For Life,2184,841, +1 (301) 860 4000, +1 (301) 860 3518
Bowling Green State University,BGSU, 220 Mcfall Center Bowling Green  43403-0085 Ohio,1910,None,393,169, +1 (419) 372 2531, +1 (419) 372 8446
Bozhou University,BZU," 2266 Tangwang Avenue, Economic Development Zone Shengzhou  236800 Anhui",1909,None,12646,883, +86 (558) 536 7116, +86 
BPP University,BPP," Boulton House, Chorlton Street Manchester  M1 3HY North West England",1992,University for the Professions,Un,Un, +44 (3331) 224 359, +44 (161) 237 9650
BRAC University,BRACU," 66, Mohakhali Dhaka  1212 Dhaka",2001,Inspiring Excellence,2924,2, +880 (2) 885 3948-9, +880 (2) 881 0383
Bradley University,, 1501 W Bradley Avenue Peoria  61625-0001 Illinois,1897,None,1079,421, +1 (309) 676 7611, +1 
Brainware University,," 398, Ramkrishnapur Road Barasat  700 125 West Bengal",2016,None,7647,339, +91 (33) 7144 5573, +91 (33) 7144 5615
Brand University of Applied Sciences,BU, Rainvilleterrasse 4 Hamburg  22765 Hamburg,2010,None,9251,358, +49 (40) 380 893 560, +49 (40) 380 893 56 -20
Brandeis University,BU, 415 South Street Waltham  02454-9110 Massachusetts,1948,Truth even unto its innermost parts,294,135, +1 (781) 736 2000, +1 (781) 736 8699
Brandenburgische Technische Universität Cottbus-Senftenberg,BTU, Platz der Deutschen Einheit 1 Cottbus  03046 Brandenburg,2013,Wir gestalten nachhaltige Zukunft,1738,88, +49 (355) 69-0, +49 
Brandman University,, 16355 Laguna Canyon Road Irvine  92618 California,2009,None,3198,1171, +1 (949) 341 9800, +1 
Brandon University,BU, 270 18th Street Brandon  R7A 6A9 Manitoba,1899,Be You at BU,1864,60, +1 (204) 727 7479, +1 (204) 727 7471
Bratislavská medzinárodná škola liberálnych štúdií,BISLA, Grösslingova 53 Bratislava  81109 Bratislava,2006,None,9579,29, +421 (2) 5923 4312, +421 
Bratsk State University,BrSU, ul. Makarenko 40 Bratsk  665709 Irkutsk Oblast,1980,None,6335,282, +7 (3953) 335 373, +7 (3953) 332 008
Brazosport College,BC, 500 College Drive Lake Jackson  77566-3199 Texas,1968,The College of Choice,5098,1557, +1 (979) 230 3000, +1 
Breda University of Applied Sciences,BUAS, Mgr. Hopmansstraat 2 Breda  4817 JS North Brabant,1987,Discover your world,2898,28, +31 (76) 533 2203, +31 (76) 533 2205
Brenau University,, 500 Washington Street SE Gainesville  30501-3668 Georgia,1878,As Gold Refined By Fire,3031,1115, +1 (770) 534 6299, +1 (770) 534 6114
Brescia University,, 717 Frederica Street Owensboro  42301-3023 Kentucky,1950,Make a difference...,4286,1437, +1 (270) 685 3131, +1 (270) 686 4314
Brest Business School,BBS, 2 Avenue de Provence Brest  29200 Bretagne,1962,None,7275,210, +33 (0)2 98 34 44 44, +33 
Brest State Technical University,BrSTU, 267 Moskovskaya Street Brest  224017 Brest Region,1966,None,5714,18, +375 (162) 32 17 04, +375 (162) 32 17 04
Brest State University,BrSU, 21 Kosmonavtov Boulevard Brest  224665 Brest Region,1945,None,5728,20, +375 (162) 233 340, +375 (162) 230 996
Brevard College,, One Brevard College Drive Brevard  28712-3306 North Carolina,1853,Cognosce ut prosis,3277,1197, +1 (828) 641 0641, +1 
Brewton-Parker College,BPC, 201 David-Eliza Fountain Circle Mount Vernon  30445 Georgia,1904,Train Your Mind; Follow Your Heart,4548,1484, +1 (912) 583 2241, +1 (912) 583 4498
Briar Cliff University,BCU, 3303 Rebecca Street Sioux City  51104 Iowa,1930,Mater Gratiae Caritas,3816,1343, +1 (712) 279 5321, +1 (712) 279-1632
Bridgewater College,BC, 402 E College Street Bridgewater  22812-1599 Virginia,1880,"College of Character, Community of Excellence",2680,1009, +1 (540) 828 8000, +1 (540) 828 5479
Bridgewater State University,BSU, 131 Summer Street Bridgewater  02325 Massachusetts,1840,Not to be Ministered Unto but to Minister,1190,474, +1 (508) 531 1000, +1 
Brigham Young University,BYU, Main Campus Provo  84602 Utah,1875,"Enter to learn, go forth to serve",78,60, +1 (801) 422 4636, +1 (801) 378 5278
Brigham Young University-Hawaii,BYUH, 55-220 Kulanui Street Laie  96762-1294 Hawaii,1955,"Enter to learn, go forth to serve",1799,689, +1 (808) 675 3211, +1 (808) 293 3329
Brigham Young University-Idaho,BYU-I, 525 S Center Rexburg  83460-1690 Idaho,1888,"Enter to learn, go forth to serve",625,248, +1 (208) 496 1411, +1 
Bright Star University,,  Brega   Al Wahat,1981,None,12076,19, +218 (64) 520 5565, +218 (64) 520 5565
Britannia University,BU," Paduar Bazar, Bishwa Road Comilla  3500 Chittagong",2011,None,12832,129, +880 (1715) 174 717, +880 
British Columbia Institute of Technology,BCIT, 3700 Willingdon Avenue Burnaby  V5G 3H2 British Columbia,1960,Quisque dominus summi,712,31, +1 (604) 434 1610, +1 (604) 985 2862
British University in Yemen,BUY," Fifty Street, Beit Bos Sana'a   Sanaa",,None,Un,Un, +967 (1) 654 440, +967 (1) 654 466
Brock University,BU, 500 Glenridge Avenue St. Catharines  L2S 3A1 Ontario,1964,Surgite!,528,27, +1 (905) 688 5550, +1 (905) 378 5715
Brook Besor University,BBU," Mill House Plot #37889, Lusenfwa Road, Kalundu Lusaka   Lusaka",2018,None,Un,Un, +260 (211) 296 043, +260 
Brooklyn College,Brooklyn, 2900 Bedford Avenue Brooklyn  11210-2889 New York,1930,Nil sine magno labore,2447,931, +1 (718) 951 5000, +1 (718) 951 4642
Brooklyn Law School,, 250 Joralemon Street Brooklyn  11201 New York,1901,None,1996,766, +1 (718) 625 2200, +1 (718) 780 0393
Broward College,BC, 111 East Las Olas Boulevard Fort Lauderdale  33301 Florida,1959,None,1093,431, +1 (954) 201 7350, +1 
Brown University,BU, One Prospect Street Providence  02912 Rhode Island,1764,In deo speramus,75,58, +1 (401) 863 1000, +1 (401) 863 3700
Brunel University London,, Kingston Lane Uxbridge  UB8 3PH London,1966,None,578,54, +44 (1895) 274 000, +44 (1895) 232 806
Bryan College,, 721 Bryan Drive Dayton  37321-7000 Tennessee,1930,Christ Above All,3352,1214, +1 (423) 775 2041, +1 (423) 775 7330
Bryan College of Health Sciences,, 1535 South 52nd Street Lincoln  68506-1299 Nebraska,2001,None,8171,1729, +1 (402) 481 3801, +1 
Bryansk State Agrarian University,, Kokino Vigonichskij District Brjansk  243365 Bryansk Oblast,1980,None,8289,336, +7 (8341) 243 21, +7 
Bryansk State Technical University,, bul. 50-letija Oktjabrja 7 Brjansk  241035 Bryansk Oblast,1929,None,6866,300, +7 (832) 560 905, +7 (832) 562 408
Bryansk State University,," ul. Bezhitskaya, 14 Brjansk  241036 Bryansk Oblast",1930,None,6418,286, +7 (832) 46 65 38, +7 (832) 46 63 53
Bryant and Stratton College,BSC, 465 Main Street Buffalo  14203 New York,1854,Personal Education. Lifetime Success,3494,1257, +1 (716) 884 9120, +1 (716) 250 7515
Bryant University,BU, 1150 Douglas Pike Smithfield  02917-1284 Rhode Island,1863,The Character of Success,1433,555, +1 (401) 232 6000, +1 (401) 232 6319
Bryn Athyn College,BAC, 2945 College Drive Bryn Athyn  19009-0717 Pennsylvania,1877,Spiritual by choice. Small by design.,5904,1637, +1 (267) 502 6000, +1 (267) 502 2658
Bryn Mawr College,, 101 N Merion Avenue Bryn Mawr  19010-2859 Pennsylvania,1885,Veritatem Dilexi,593,239, +1 (610) 526 5000, +1 (610) 526 7471
BSP Business School Berlin,BSP, Calandrellistraße 1–9 Berlin  12247 Berlin,2009,None,8010,336, +49 (30) 76 68 37 53-10, +49 (30) 76 68 37 53-19
Bu-Ali Sina University,BASU, Shahid Fahmideh Avenue Hamedan  65174 Hamadan,1973,None,2851,22, +98 (811) 827 4041, +98 (811) 827 2046
Bucerius Law School,BLS, Jungiusstrasse 6 Hamburg  20355 Hamburg,2000,None,3834,201, +49 (40) 307060, +49 (40) 30706 145
Buckinghamshire New University,Bucks, Queen Alexandra Road High Wycombe  HP11 2JZ South East England,2007,None,2727,137, +44 (1494) 522 141, +44 (1494) 524 392
Bucknell University,, One Dent Drive Lewisburg  17837 Pennsylvania,1846,None,602,242, +1 (570) 577 2000, +1 (570) 577 3538
Budapesti Corvinus Egyetem,BCE/CUB, 8 Fovam ter Budapest  1093 Budapest,1920,Scientia mea - adiutor meus,2111,8, +36 (1) 482 5389, +36 (1) 482 5023
Budapesti Gazdasági Egyetem,BGE, Buzogány u. 11-13 Budapest  1149 Budapest,1857,None,6015,26, +36 (1) 469 6600, +36 (1) 469 6636
Budapesti Metropolitan Egyetem,MET, Nagy Lajos király útja 1-9 Budapest  1148 Budapest,2001,Kreatív gondolkodást fejlesztünk,4384,17, +36 (1) 273 3090/1083, +36 (1) 273 3099
Budapesti Muszaki és Gazdaságtudományi Egyetem,BME, Mûegyetem rakpart 3-9 Budapest  1111 Budapest,1782,Harmonising theory and practice,651,3, +36 (1) 463 1111, +36 (1) 463 1110
Buddhist and Pali University,BPU," Gurulugomi Mawatha, Pitipana North Homagama  10206 Western Province",1982,None,10875,15, +94 (11) 285 7786, +94 (11) 289 2333
Buena Vista University,BVU, 610 W 4Th Street Storm Lake  50588 Iowa,1891,"Bold vision, bright futures",2562,974, +1 (712) 749 2400, +1 (712) 749 2037
Buffalo State College,SUNY Buffalo, 1300 Elmwood Avenue Buffalo  14222 New York,1871,Believe. Inspire. Achieve.,2600,986, +1 (716) 878 4000, +1 (716) 878 3039
Bugema University,BUG," PO Box 6529, Kampala - Bugema Campus Kampala   Central Region",1948,None,9762,15, +256 (312) 351 400, +256 (312) 351 460
Build Bright University,BBU," Brey Building, Samdech Sothearos Bullevards, near Hun Sen Park Phnom Penh  12301 Phnom Penh",2000,None,10542,19, +855 (23) 987 700, +855 (23) 987 900
Bujumbura International University,BIU," Avenue du Cinquantenaire, n° 6 - Quartier Kigobe Sud Bujumbura   Bujumbura Mairie",2014,None,13090,15, +257 (22) 278 533, +257 
Bukidnon State University,BukSU, Fortich Street Malaybalay City  8700 Northern Mindanao,2007,A special place for teaching and learning,10913,126, +63 (88) 221 2237, +63 (88) 813 2717
Bukkyo University,," 96 Kitahananobo-cho, Murasakino, Kita-ku Kyoto  603-8301 Kyoto",1887,None,3810,179, +81 (75) 491 2141, +81 (75) 495 5724
Bukovinian State Medical University,BSMU," Teatral'na Square, 2 Chernivtsi  58002 Chernivtsi Oblast",1944,Salus populi -suprema lex,5011,42, +380 (372) 553 754, +380 (372) 585 811
Bulacan Agricultural State College,BASC,  San Ildefonso  3010 Central Luzon,1998,Gearing towards academic excellence and productivity,12221,195, +63 (44) 901 1427, +63 (44) 901 1427
Bulacan State University,BulSU, Guinhawa Malolos City  3000 Central Luzon,1993,None,10022,89, +63 (44) 791 0153, +63 (44) 791 0153
Bule Hora University,BHU,  Bule Hora   Oromia Region,2008,None,Un,Un, +251 , +251 
Bülent Ecevit Üniversitesi,BEU, Bülent Ecevit Üniversitesi Rektörlügü Incivez Zonguldak  67100 Zonguldak,1992,None,2861,42, +90 (372) 257 4010, +90 (372) 257 5078
Bundelkhand University,BU, Kanpur Road Jhansi  284 128 Uttar Pradesh,1975,None,6829,272, +91 (510) 232 0497, +91 (510) 232 0761
Bunka Fashion Graduate University,, Shibuya-ku Tokyo   Tokyo,2006,None,9346,694, +81 , +81 
Bunka Gakuen University,," 3-22-1 Yoyogi, Shibuya-ku Tokyo  151-8523 Tokyo",1964,Creating New Beauty and Culture,5344,328, +81 (3) 3299 2311, +81 (3) 3299 2637
Bunkyo Gakuin University,," 1-19-1 Mukogaoka, Bunkyo-ku Tokyo  113-8668 Tokyo",1924,None,4685,259, +81 (3) 5684 4836, +81 (3) 5684 4657
Bunkyo University,, 3337 Minami-ogishima Koshigaya  343-8511 Saitama,1966,None,3541,155, +81 (48) 974 8811, +81 (48) 974 9439
Bunri University of Hospitality,,  Sayama   Saitama,1999,None,7012,561, +81 , +81 
Bunsei University of Art,,  Utsunomiya   Tochigi,1999,None,7344,594, +81 , +81 
Burapha University,BUU, 169 Long Had Bangsaen - Saensook Chonburi  20130 Chonburi,1955,Sukho Pañña Pa?ilabho,2036,13, +66 (38) 745 900, +66 (38) 745 794
Burdur Mehmet Akif Ersoy Üniversitesi,, Istiklal Yerleskesi Burdur  15030 Burdur,2006,None,3576,73, +90 (248) 213 1000, +90 (248) 212 2711
Burg Giebichenstein Kunsthochschule Halle,Burg Halle, Neuwerk 7 Halle  06108 Saxony-Anhalt,1915,None,3009,151, +49 (345) 775 150, +49 (345) 775 1569
Burgas Free University,BFU, 62 San Stefano Str. Burgas  8001 Burgas,1991,The New Idea in Education,5932,18, +359 (56) 900 400, +359 (56) 900 515
Buriram Rajabhat University,BRU," Jira Road, Mueang Buriram  31000 Buriram",1971,None,5438,42, +66 (44) 611 221, +66 (44) 612 858
Burman University,BU, 5415 College Avenue Lacombe  T4L 2E5 Alberta,1907,Think. Believe. Act.,5250,88, +1 (403) 782 3381, +1 (403) 782 7219
Bursa Teknik Üniversitesi,," Mimar Sinan Mahallesi Mimar Sinan Bulvari Eflak Caddesi No:177, Yildirim Bursa  16310 Bursa",2010,None,5461,121, +90 (224) 300 3304, +90 (224) 300 3329
Buryat State Academy of Agriculture,BSAA," 8, Pushkin Street Ulan-Ude  670024 Republic of Buryatia",1931,None,7980,329, +7 (3012) 442 799, +7 (3012) 244 2133
Busan National University of Education,, 263 Geoje 1-dong Yeonje  611-736 Busan,1946,None,11402,161, +82 (51) 500 7114, +82 (51) 505 4908
Busan Presbyterian University,BPU, 764 Gusan-dong Gimhae  621-901 South Gyeongsang,1953,None,12268,180, +82 (55) 320 2500, +82 (55) 327 1161
Busan University of Foreign Studies,BUFS," 55-1 Uam-dong, Nam-gu Busan  608-738 Busan",1982,"Faith, Truth, Creativity",6251,61, +82 (51) 643 5111, +82 (51) 645 4525
Busan Women's College,PWU," 506, Jinnam-Ro, BusanJin-Ku Busan  614-734 Busan",1969,None,8961,122, +82 (51) 852 0081, +82 (51) 867 4705
Bushehr University of Medical Sciences,BPUMS,  Bushehr   Bushehr,1983,None,5492,70, +98 , +98 (771) 253 0840
Bushnell University,BU, 828 E 11th Avenue Eugene  97401-3745 Oregon,1895,None,4590,1496, +1 (541) 343 1641, +1 (541) 343 9159
Business and Technology University,BTU," 82, Ilia Chavchavadze Avenue Tbilisi  0162 Tbilisi",2016,None,9664,23, +995 (32) 230 80 55, +995 
Busitema University,, PO Box 236 Busitema   Eastern Region,2007,Pursuing Excellence,9624,14, +256 (454) 448 813, +256 (454) 436 517
Busoga University,BU," PO Box 154, Iganga - Iganga Campus Iganga   Eastern Region",1999,Center of Academic Excellence,Un,Un, +256 (43) 243 175, +256 (43) 242 345
Butler University,, 4600 Sunset Avenue Indianapolis  46208 Indiana,1855,"Education, Research, Service",1090,429, +1 (317) 940 8000, +1 (317) 940 9930
Buxoro Davlat Universiteti,BuxDU, 11 Muhammad Iqbal Street Bukhara  705000 Bukhara,1930,None,6521,8, +998 (65) 223 2317, +998 (65) 223 2310
Buxoro muhandislik-texnologiya instituti,BuxMTI, 15 K. Murtazoev Street Bukhara   Bukhara,1977,None,10967,53, +998 (595) 604 4470, +998 
C.D.A. College,CDA," 2 Evagorou Avenue, Eleftherias Square, PO Box 21972 Nicosia  1515 Nicosia",1976,None,11694,40, +357 (22) 661 104, +357 (22) 671 387
C.U. Shah University,CU," Kothariya Village, Surendranagar - Ahmedabad Highway, University Road Wadhwan  363 030 Gujarat",2013,Excellence in quality education for all,11441,811, +91 (2752) 247 711, +91 (2752) 247 712
Cabarrus College of Health Sciences,, 401 Medical Park Drive Concord  28025-3959 North Carolina,1942,None,Un,Un, +1 (704) 403 1555, +1 
Cabrini University,, 610 King of Prussia Road Radnor  19087-3698 Pennsylvania,1957,Beneficium Supra Seipsum,3298,1203, +1 (610) 902 8100, +1 (610) 902 8309
Çag Üniversitesi,," Adana-Mersin D 400 Karayolu Üzeri, Yenice-Tarsus Yenice  33800 Mersin",1997,None,5158,109, +90 (324) 651 4800, +90 (324) 651 4811
Cagayan State University,CSU," Bagay Road, Caritan Sur Tuguegarao City  3500 Cagayan Valley",1978,Ad Optimum Educans,10154,96, +63 (78) 844 0098, +63 (78) 844 4119
Cairn University,CU, 200 Manor Avenue Langhorne  19047-2990 Pennsylvania,1913,Life's Calling. Answer,4712,1511, +1 (215) 752 5800, +1 (215) 702 4248
Cairo University,CU, 5th Ahmed Zewail st. (Tharwat st.) - Dokki Giza  12613 Giza,1908,None,1045,2, +20 (2) 3335 5356, +20 (2) 568 8884
Caldwell University,, 120 Bloomfield Avenue Caldwell  07006-6195 New Jersey,1939,Sapientia et Scientia,3236,1179, +1 (973) 618 3000, +1 (973) 618 3600
Caleb University,, Ikorodu Imota   Lagos,2007,For God and Humanity,10315,87, +234 (1) 291 0684, +234 
California Baptist University,CBU, 8432 Magnolia Avenue Riverside  92504-3297 California,1950,Live Your Purpose,2143,830, +1 (877) 228 3615, +1 (951) 3434572
California College of the Arts,CCA, 1111 8th Street San Francisco  94107-2247 California,1907,None,1506,577, +1 (800) 447 1278, +1 (415) 7039539
California Institute of Integral Studies,CIIS, 1453 Mission Street San Francisco  94103-2557 California,1968,None,1571,608, +1 (415) 575 6100, +1 (415) 575 1263
California Institute of Technology,Caltech, 1200 E California Boulevard Pasadena  91125 California,1891,The Truth Shall Make You Free. (John 8:32),59,46, +1 (626) 395 6811, +1 (626) 795 1547
California Institute of the Arts,CalArts, 24700 West Mcbean Parkway Valencia  91355-2397 California,1961,No information in advance of need,1312,512, +1 (661) 255 1050, +1 (661) 253 7712
California Lutheran University,CLU/Cal Lutheran, 60 West Olsen Road Thousand Oaks  91360-2787 California,1959,"Love of Christ, Truth and Freedom",1410,546, +1 (805) 492 2411, +1 (805) 493 3114
"California Polytechnic State University, San Luis Obispo",Cal Poly, 1 Grand Avenue San Luis Obispo  93407-1111 California,1901,Discere Faciendo,353,156, +1 (805) 756 1111, +1 (805) 756 5400
"California State Polytechnic University, Pomona",Cal Poly Pomona, 3801 West Temple Avenue Pomona  91768 California,1938,Instrumentum Disciplinae,501,205, +1 (909) 869 7659, +1 (909) 869 4395
California State University Channel Islands,CSU Channel Islands, One University Drive Camarillo  93012 California,2002,None,1669,642, +1 (805) 437 8400, +1 (805) 437 2717
California State University Maritime Academy,CAL MARITIME, 200 Maritime Academy Drive Vallejo  94590-8181 California,1929,Laborare Pugnare Parati Sumus,2690,1013, +1 (707) 654 1000, +1 (707) 654 1001
California State University San Marcos,CSUSM, 333 S Twin Oaks Valley Road San Marcos  92096-0001 California,1989,None,903,357, +1 (760) 750 4000, +1 (760) 750 3150
"California State University, Bakersfield",CSU Bakersfield, 9001 Stockdale Highway Bakersfield  93311-1099 California,1965,"Inspiring Excellence, Transforming Lives",1732,665, +1 (661) 654 2782, +1 (661) 654 6950
"California State University, Chico",CSU Chico, 400 West 1st Street Chico  95929-0150 California,1887,Today Decides Tomorrow,511,210, +1 (530) 898 4636, +1 (530) 898 6889
"California State University, Dominguez Hills",CSUDH, 1000 East Victoria Street Carson  90747-0005 California,1960,"Once a toro, always a toro",942,374, +1 (310) 243 3696, +1 (310) 516 3302
"California State University, East Bay",CSUEB, 25800 Carlos Bee Boulevard Hayward  94542-3011 California,1957,Per Aspera ad Astra,1080,422, +1 (510) 885 3000, +1 (510) 885 2325
"California State University, Fresno",Fresno State, 5241 North Maple Avenue Fresno  93740 California,1911,Lucem Accipe Ut Reddas,776,298, +1 (559) 278 4240, +1 (559) 278 8340
"California State University, Fullerton",CSUF, 800 North State College Boulevard Fullerton  92831-3599 California,1957,Vox Veritas Vita,349,155, +1 (657) 278 2011, +1 (714) 278 7238
"California State University, Long Beach",CSULB, 1250 Bellflower Boulevard Long Beach  90840-0115 California,1949,Vox Veritas Vita,309,138, +1 (562) 985 4111, +1 (562) 985 8887
"California State University, Los Angeles",CSULA, 5151 State University Drive Los Angeles  90032-8506 California,1947,Vox Veritas Vita,854,337, +1 (323) 343 3000, +1 (323) 343 6424
"California State University, Monterey Bay",CSUMB, 100 Campus Center Seaside  93955-8001 California,1994,None,1336,522, +1 (831) 582 3000, +1 (831) 582 3558
"California State University, Northridge",CSUN, 18111 Nordhoff Street Northridge  91330-8230 California,1958,Vox Veritas Vita,197,110, +1 (818) 677 1200, +1 (818) 677 3766
"California State University, Sacramento",CSUS, 6000 J Street Sacramento  95819-2694 California,1947,Leadership Begins Here,510,209, +1 (916) 278 6011, +1 (916) 278 6853
"California State University, San Bernardino",CSUSB, 5500 University Parkway San Bernardino  92407-2397 California,1960,"Come Here, Go Anywhere",697,271, +1 (909) 537 5000, +1 (909) 537 7015
"California State University, Stanislaus",CSU Stanislaus, One University Circle Turlock  95382-0299 California,1960,Engaging - Empowering - Transforming,1014,398, +1 (209) 667 3122, +1 (209) 664 7074
California University of Pennsylvania,CUP, 250 University Avenue California  15419-1394 Pennsylvania,1852,"Integrity, Civility, Responsibility",2520,952, +1 (724) 938 4000, +1 (724) 938 1500
California Western School of Law,CWSL, 225 Cedar Street San Diego  92101-3046 California,1924,None,3269,1194, +1 (619) 239 0391, +1 (619) 696 9999
Calumet College of St. Joseph,CCSJ, 2400 New York Avenue Whiting  46394 Indiana,1951,None,4618,1504, +1 (219) 473 7770, +1 (219) 473 4259
Calvary University,, 15800 Calvary Road Kansas City  64147-1341 Missouri,1932,Live According to the Biblical Worldview and Serve,6723,1684, +1 (816) 322 0110, +1 (816) 331 4474
Calvin University,," 142-12 Mabung-ri, Guseong-eup Yongin  449-912 Gyeonggi",1997,None,11610,169, +82 (31) 284 4752, +82 (31) 284 4588
Calvin University,CU, 3201 Burton Street SE Grand Rapids  49546 Michigan,1876,"Cor meum tibi offero Dominie, prompte et sincere",529,218, +1 (616) 526 6000, +1 (616) 526 6777
Camarines Norte State College,CNSC," Froilan Pimentel Avenue, Barangay 2 Daet  4600 Bicol Region",1992,ONE CNSC ONward to Excellence,12044,185, +63 (54) 721 4496, +63 (54) 721 3906
Camarines Sur Polytechnic Colleges,CSPC, San Miguel Nabua  4434 Camarines Sur,1983,None,10817,120, +63 (54) 288 4421-23, +63 (54) 288 4425
Cambodia University for Specialties,CUS," 43, St. 231, Khan Toulkork Phnom Penh   Phnom Penh",2002,None,12179,33, +855 (23) 881 415, +855 (23) 880 727
Cambodian Mekong University,CMU," 9B, Street 271, Sangkat Tek Thla, Khan Russey Keo Phnom Penh  12102 Phnom Penh",2003,The university that cares for the value of education,9807,11, +855 (23) 882 211, +855 (12) 809 191
Cambridge College,CC, 500 Rutherford Avenue Boston  02129 Massachusetts,1971,For working adults,1964,749, +1 (800) 877 4723, +1 (617) 349 3558
CamEd Business School,CamEd," 64, Street 108 Phnom Penh   Phnom Penh",2003,None,10804,22, +855 (23) 986 522, +855 
Cameron University,CU, 2800 West Gore Boulevard Lawton  73505-6377 Oklahoma,1908,Every Student. Every Story.,2540,964, +1 (580) 581 2200, +1 (580) 581 5514
Campbell University,CU, 143 Main Street Buies Creek  27506 North Carolina,1887,Ad Astra per Aspera,1675,645, +1 (910) 893 1200, +1 (910) 893 1288
Campbellsville University,CU, 1 University Drive Campbellsville  42718-2799 Kentucky,1906,Find your Calling,2951,1090, +1 (270) 789 5000, +1 (270) 789 5071
Campion College at the University of Regina,, 3737 Wascana Parkway Regina  S4S 0A2 Saskatchewan,1917,None,8406,101, +1 (306) 586 4242, +1 (306) 359 1200
CAMPUS 02 Fachhochschule der Wirtschaft,FH CAMPUS 02, Körblergasse 126 Graz  8010 Styria,1996,Don't stop thinking about tomorrow!,5183,42, +43 (316) 6002 0, +43 (316) 6002 1221
Campus Adventiste du Salève,," 33, Chemin du Perouzet Collonges-sous-Saleve  74160 Auvergne-Rhone-Alpes",1921,Apprendre pour Servir,9914,230, +33 (0)4 50 87 68 00, +33 (0)4 50 43 65 80
Can Tho University,CTU," 3/2 Street, Xuan Khanh Ward, Ninh Kieu District Can Tho  92000 Mekong Delta",1966,Consensus Devotion Quality Innovation,3333,4, +84 292 383 2663, +84 292 383 8474
Canadian Mennonite University,CMU, 500 Shaftesbury Boulevard Winnipeg  R3P 2N2 Manitoba,2000,Find Your Place,4045,76, +1 (204) 487 3300, +1 (204) 487 3858
Canadian University of Bangladesh,CUB," Plot No. 99, Block C, Road 11, Banani Dhaka  1213 Dhaka",2015,None,10953,79, +880 (17070) 70280-84, +880 
Canadian University of Dubai,CUD, PO Box 117781 Dubai   Dubai,2006,Your portal to Canadian education,7837,22, +971 (4) 321 9090, +971 (4) 321 1991
Çanakkale Onsekiz Mart Üniversitesi,ÇOMÜ," Terzioglu Kampüsü, Rektörlük Binasi, A Blok Merkez Canakkale  17020 Canakkale",1992,None,2467,36, +90 (286) 218 0607, +90 (286) 212 8813
Cangzhou Normal University,,  Cangzhou   Hebei,1958,None,12654,885, +86 , +86 
Canisius College,Canisius, 2001 Main Street Buffalo  14208-1098 New York,1870,Where leaders are made,1694,651, +1 (716) 888 2200, +1 (716) 888 2525
Çankaya Üniversitesi,CU," skisehir Yolu 29. Km, Yukariyurtçu Mahallesi Mimar Sinan Caddesi No:4 Ankara  06790 Ankara",1997,None,2845,41, +90 (312) 233 1000, +90 (312) 233 1024
Çankiri Karatekin Üniversitesi,CKU," Uluyazi Kampüsü IMKB Binasi, Uluyazi Cankiri  18100 Cankiri",2007,Güler yüzlü bir üniversite,4446,92, +90 (376) 213 2626, +90 (376) 212 0422
Canterbury Christ Church University,, North Holmes Road Canterbury  CT1 1QU South East England,2005,None,1578,109, +44 (1227) 767 700, +44 (1227) 786 773
Cape Breton University,CBU, PO Box 5300 Sydney  B1P 6L2 Nova Scotia,1974,Experience the Possibilities,2369,68, +1 (902) 539 5300, +1 (902) 562 0119
Cape Coast Technical University,CCTU, PO Box AD 50 Cape Coast   Central Region,1986,None,10998,35, +233 (42) 33090, +233 (42) 37428
Cape Peninsula University of Technology,CPUT, PO Box 652 Cape Town  8000 Western Cape,2005,Creating Futures,1595,11, +27 (21) 959 6230, +27 (21) 951 5617
Capilano University,, 2055 Purcell Way North Vancouver  V7J 3H5 British Columbia,1968,None,1867,61, +1 (604) 990 7914, +1 (604) 983 7576
Capital Medical University,CMU," 10 Xitoutiao, You'anmen Wai, Fengtai District Beijing  100054 Beijing",1960,None,4224,152, +86 (10) 6305 1239, +86 (10) 6305 1239
Capital Normal University,CNU," 105 Xisanhuan Beilu, Haidian District Beijing  100037 Beijing",1954,None,2201,52, +86 (10) 68902792, +86 (10) 6842 8574
Capital University,, 1 College and Main Columbus  43209-2394 Ohio,1830,None,1539,593, +1 (614) 236 6011, +1 (614) 236 6820
Capital University of Economics and Business,CUEB," 2 Jintaili, Chaoyang District Beijing  100026 Beijing",1956,"Focused on Strengthening Values, Building Morals and Strategic Development to improve the quality of life for all people",5334,241, +86 (10) 6508 2666, +86 (10) 6500 6091
Capital University of Physical Education and Sports,CUPES," 11 Beisanhuan Xilu, Haidian District Beijing  100088 Beijing",1956,None,9254,566, +86 (10) 8209 9177, +86 (10) 8209 0592
Capital University of Science and Technology,CUST," Islamabad Expressway, Kahuta Road, Zone-V Islamabad   Islamabad CT",1998,None,9195,94, +92 51-111555666, +92 51-4486705
Capitol Technology University,CTU, 11301 Springfield Road Laurel  20708 Maryland,1927,Educate. Innovate. Inspire.,2238,864, +1 (301) 369 2800, +1 (301) 953 3876
Capitol University,CU, Osmena & Corrales Ext. Cagayan de Oro City  9000 Northern Mindanao,1971,"Progressio Integralis, Pro Deo et Hominibus",11051,129, +63 (88) 856 1165, +63 (88) 856 1272
Capiz State University,CAPSU, Fuentes Drive Roxas City  5800 Western Visayas,2004,None,11986,182, +63 (36) 6515 357, +63 (36) 620 0682
Caraga State University,CSU," Ampayon, Ampayon Butuan City  8600 Caraga Region",2009,None,9727,80, +63 (85) 342 3047, +63 (85) 342 1079
Cardiff Metropolitan University,Cardiff Met, 200 Western Avenue; PO Box 377 Cardiff  CF5 2YB Wales,2011,The most valuable possession is knowledge,1821,112, +44 (29) 2041 6070, +44 (29) 2041 6286
Cardiff University,CU, Newport Road Cardiff  CF10 3AT Wales,1997,None,255,25, +44 (29) 2087 4000, +44 (29) 2087 4000
Cardinal Stritch University,Stritch, 6801 N Yates Road Milwaukee  53217-3985 Wisconsin,1937,Ut probetis potiora,2910,1079, +1 (414) 410 4000, +1 (414) 410 4239
Career Point University,," Tikker Kharwarian, Tehsil- Bhoranj Hamirpur  176 041 Himachal Pradesh",2012,Where Expertise and Experience meet for Excellence,9260,535, +91 , +91 
Caribbean Nazarene College,CNC, Sam Boucaud Road Cantaro   ,1951,None,12206,7, +1 (868) 676 8714, +1 (868) 676 2092
Caribbean University,, 167 Avenue Km 21.2 Bayamón  00960-0493 ,1969,We believe in you and your future,8239,23, +1 (787) 780 0070, +1 (787) 785 0101
Caritas University,CAU," Amorji Nike, Emene Enugu  23401 Enugu",2005,Love for Education and Morals,11073,107, +234 (806) 358 9115, +234 
Carl von Ossietzky Universität Oldenburg,, Ammerländer Heerstrasse 114-118 Oldenburg  26129 Lower Saxony,1973,Offen für neue Wege,562,43, +49 (441) 7980, +49 (441) 798 3000
Carleton College,, One North College Street Northfield  55057-4001 Minnesota,1866,Declaratio Sermonum Tuorum Illuminat,423,176, +1 (507) 222 4000, +1 (507) 646 4204
Carleton University,CU, 1125 Colonel By Drive Ottawa  K1S 5B6 Ontario,1942,Ours the Task Eternal,170,14, +1 (613) 520 2600, +1 (613) 520 3847
Carlos Albizu University,CAU, 151 Tanca Street Corner San Francisco Street Old San Juan San Juan  00902-3711 ,1966,None,4563,8, +1 (787) 725 6500, +1 
Carlow College,, College Street Carlow   County Carlow,1782,Rescissa Vegetior Assurgit Pruned,8857,27, +353 (59) 915 3200, +353 (59) 914 0258
Carlow University,, 3333 Fifth Avenue Pittsburgh  15213-3165 Pennsylvania,1929,"Ad Superna, non Superba",3027,1112, +1 (412) 578 6000, +1 (412) 578 6668
Carnegie Mellon University,CMU, 5000 Forbes Avenue Pittsburgh  15213-3890 Pennsylvania,1900,My heart is in the work,21,20, +1 (412) 268 2000, +1 (412) 268 6929
Carnegie Mellon University in Qatar,CMU-Q, PO Box 24866 Education City Doha   Ad-Dawhah,2004,My heart is in the work,5416,6, +974 4454 8400, +974 
Carolina University,CU, 420 S. Broad Street Winston Salem  27101 North Carolina,1945,None,5659,1620, +1 (336) 725 8344, +1 (336) 725 5522
Carroll College,CC, 1601 N Benton Avenue Helena  59625-0002 Montana,1909,Non scholae sed vitae,2809,1049, +1 (406) 447 4300, +1 (406) 447 5461
Carroll University,, 100 N East Avenue Waukesha  53186 Wisconsin,1846,Christo et Litteris,2305,891, +1 (262) 547 1211, +1 (262) 524 2603
Carson-Newman University,C-N, 1646 S Russell Avenue Jefferson City  37760 Tennessee,1851,"Truth, Beauty, Goodness",1562,603, +1 (865) 471 2000, +1 (865) 471 4817
Carthage College,Carthage, 2001 Alford Park Drive Kenosha  53140-1994 Wisconsin,1847,Seeking Truth. Building strength. Inspiring service. Together.,1796,688, +1 (262) 551 8500, +1 (262) 551 5762
Casa College,CASA, 18 Theofani Theodotou Street Nicosia  1160 Nicosia,1997,None,12133,44, +357 (22) 681 882, +357 (22) 662 414
Case Western Reserve University,CWRU, 10900 Euclid Avenue Cleveland  44106 Ohio,1826,Think Beyond the Possible,201,113, +1 (216) 368 2000, +1 
Caspian State University of Technologies and Engineering,," 14th Microdistrict, 50 Aktau  130003 Mangystau Region",1976,None,7910,40, +7 (7292) 42-57-57, +7 (7292) 42-57-77
Caspian University,CU," 521, Seifullin street Almaty  050000 Almaty",1992,None,9160,53, +7 (727) 250 69 34, +7 (727) 2506930
Castleton University,CU, 62 Alumni Drive Castleton  05735 Vermont,1787,None,3532,1268, +1 (802) 468 5611, +1 (802) 468 5237
Catanduanes State University,CSU, Calatagan Virac  4800 Bicol Region,2012,"Excellence, Commitment and Sustainability",11904,176, +63 (52) 811 1485, +63 (52) 811 1295
Catawba College,, 2300 W Innes Street Salisbury  28144 North Carolina,1851,"Scholarship, Character, Culture, Service",3114,1133, +1 (704) 637 4111, +1 (704) 637 4444
Catholic Institute of Business and Technology,CIBT, PO Box AN 5248 Accra North   Greater Accra,,None,12690,60, +233 (307) 033 547, +233 (302) 400 700
Catholic Kwandong University,CKU, 522 Naegok-dong Gangneung  210-701 Gangwon,1954,Verum Truth,9045,124, +82 (33) 641 1011, +82 (33) 641 1010
Catholic University College of Ghana,CUCG, PO Box 363 Sunyani   Brong-Ahafo,2003,Scientiae Ac Sapientiae Lumen Splendeat,10136,22, +233 (61) 24805, +233 
Catholic University in Erbil,," 189 district, Ankawa Erbil  44003 Kurdistan",2015,Learners Today Leaders Tomorrow,10528,41, +964 (750) 601 3333, +964 
Catholic University of Cameroon,CATUC, Boîte Postale 782 Mankon Bamenda   Northwest Region,2010,Fides et Ratio,10983,10, +237 243 072 942, +237 
Catholic University of Daegu,," 13-13, Hayang-ro Gyeongsan  712-702 North Gyeongsang",1914,"Amare, Servire",8058,104, +82 (53) 850 3114, +82 (53) 850 3168
Catholic University of Daejeon,," 263-3 Shinbang-ri, Jeonui-myeon Yeongi-gun  339-854 South Chungcheong",1992,None,11445,163, +82 (41) 867 8060, +82 (41) 867 8069
Catholic University of Health and Allied Sciences,CUHAS," Bugando Hill, PO Box 1464 Mwanza   Mwanza",1994,Discipline. Diligence. Excellence.,9565,13, +255 (28) 250 0881, +255 (28) 250 2678
Catholic University of Pusan,CUP," 9 Bugok3-dong, Geumjeong-gu Busan  609-757 Busan",1964,None,10214,142, +82 (51) 515 5811, +82 (51) 510 0694
Catholic University of Rwanda,CUR, PO Box 49 Butare   Southern Province,2010,Audi et Aude,12821,18, +250 252 530 893, +250 252 530 627
Catholic University of Zimbabwe,CUZ, PO Box CY 3442 Couseway Harare   Harare,1999,Pro Deo et Sapientia,11167,12, +263 (4) 705 368, +263 (4) 706 911
Caucasus International University,CIU, 73 Chargali Street Tbilisi  0141 Tbilisi,1995,We Make Your Future,9394,20, +995 (32) 261 1298, +995 (32) 294 5992
Caucasus University,CU," 1, Paata Saakadze Street Tbilisi  0102 Tbilisi",2004,Studium Pretium Libertates,7324,8, +995 (32) 237 7777, +995 (32) 237 7777
Cavendish University Uganda,CUU," Nsambya Plot 1469 Ggaba Road, Opposite American Embassy Kampala  33145 Central Region",2008,Educare Mundum!,10231,18, +256 (414) 531 700, +256 (312) 265 679
Cavendish University Zambia,CUZ," Great North Road Campus, Plot 4302, Corner of Great North and Washama Road, Villa Elizabetha Lusaka  10101 Lusaka",2004,Success Begins at Cavendish University,10169,7, +260 (211) 387 600 / 601, +260 
Cavite State University,CvSU, Bancod Indang  4122 Calabarzon,1998,"Truth, Excellence, Service",10147,95, +63 (46) 415 0010, +63 (46) 415 0012
Cazenovia College,, 22 Sullivan Street Cazenovia  13035 New York,1824,None,4107,1410, +1 (800) 654 3210, +1 (315) 655 4143
CBS International Business School,CBS, Hardefuststrasse 1 Köln  50677 North Rhine-Westphalia,1993,Creating tomorrow,4158,216, +49 (221) 9318 0931, +49 (221) 9318 09720
CCN University of Science and Technology,CCNust," Chowdhury Estate, CCN Road, Kotbari Comilla   Chittagong",2013,None,12617,121, +880 (1796) 529 982, +880 
Cebu Doctors' University,CDU," 1 Dr. P. V. Larrazabal Jr. Avenue, North Reclamation Mandaue City  6014 Central Visayas",1973,Primum Homo Esto,9714,79, +63 (32) 238 8333, +63 (32) 238 8764
Cebu Institute of Medicine,CIM, 79 F. Ramos Street Cebu City  6000 Central Visayas,1957,Physician with a Heart,11995,184, +63 (32) 253 3124, +63 (32) 253 9127
Cebu Institute of Technology,CIT University, Natalio Bacalso Avenue Cebu City  6000 Central Visayas,1946,Virtue in Science and Technology,10293,100, +63 (32) 261 7741, +63 
Cebu Normal University,CNU, Osmeña Boulevard Cebu City  6000 Central Visayas,1902,Quality with Integrity,9622,75, +63 (32) 253 9611, +63 (32) 254 1130
Cebu Technological University,CTU," R. Palma Street, M.J. Cuenco Avenue Cebu City  6000 Central Visayas",2009,None,9741,82, +63 (32) 412-1399, +63 (32) 256-2657
CECOS University,CU," Phase 6, Hayatabad Peshawar   Khyber Pakhtunkhwa",2001,Engineering your Career,9099,90, +92 (91) 586 0291, +92 (91) 586 0294
Cedar Crest College,, 100 College Drive Allentown  18104-6196 Pennsylvania,1867,"Religio, Libertas et Scientia",3041,1117, +1 (800) 360 1222, +1 (610) 437 5955
Cedarville University,, 251 N. Main Street Cedarville  45314-0601 Ohio,1887,Hearts for God. Minds for Truth. Friends for Life. Service for Eternity.,1250,487, +1 (937) 766 7700, +1 (937) 766 2760
Centar za multidisciplinarne studije u Tuzli,CMS, Vjekoslava Tunjica 15 Tuzla  75000 Tuzla Canton,,None,Un,Un, +387 (35) 369 540, +387 (35) 369 544
Centenary College of Louisiana,, 2911 Centenary Boulevard Shreveport  71134-1188 Louisiana,1825,Labor Omnia Vincit,2483,943, +1 (318) 869 5011, +1 (318) 841 7266
Centenary University,CU, 400 Jefferson Street Hackettstown  07840 New Jersey,1867,None,4248,1430, +1 (908) 852 1400, +1 (908) 850 9508
Central Agricultural University,CAU," Iroisemba, PB No. 23, Lamphelpat Imphal  795 004 Manipur",1993,None,9447,566, +91 (385) 241 5933, +91 (385) 241 0414
"Central America Health Sciences University, Belize Medical College",CAHSU, 13 1/2 mls N. Hgwy Belize City   Belize,1996,None,9001,3, +501 225 4288, +501 225 4289
Central Baptist College,CBC, 1501 College Avenue Conway  72034 Arkansas,1952,None,4741,1516, +1 (501) 329 6872, +1 (501) 329 2941
Central China Normal University,CCNU, 100 Luoyu Avenue Wuhan  430079 Hubei,1903,Leading people to innovations,1520,33, +86 (27) 8767 3048, +86 (27) 8787 5696
Central Christian College of Kansas,, 1200 S Main McPherson  67460-5740 Kansas,1884,Christ-Centered Education for Character,5221,1573, +1 (620) 241 0723, +1 
Central Christian College of the Bible,CCCB, 911 E Urbandale Drive Moberly  65270-1997 Missouri,1957,True Believers. Real Leaders,7534,1711, +1 (660) 263 3900, +1 (660) 263 3936
Central College,, 812 University Pella  50219 Iowa,1853,None,2351,900, +1 (877) 462 3687, +1 (641) 628 5316
Central Colleges of the Philippines,CCP," 52, Aurora Boulevard Quezon City  1100 National Capital Region",1954,None,10424,103, +63 (2) 715 51 70, +63 (2) 715 0848
Central Connecticut State University,CCSU, 1615 Stanley Street New Britain  06050 Connecticut,1849,None,860,340, +1 (860) 832 3200, +1 (860) 832 2522
